关键字,权重,匹配方式
奇安信,1,1
qianxin.com,1,1
启明星辰,1,1
venustech.com,1,1
venustech.cn,1,1
venustech.com.cn,1,1
阿里云,1,1
aliyun.com,1,1
aliyun.com.cn,1,1
绿盟科技,1,1
nsfocus.com,1,1
nsfocus.net,1,1
nsfocus.com.cn,1,1
nsfocus.lofter.com,1,1
深信服,1,1
sangfor.com.cn,1,1
sangfor.com,1,1
亚信安全,1,1
asiainfo.com,1,1
asiainfo.com.cn,1,1
asiainfo.hirede.com,1,1
asiainfo-sec.com,1,1
华为,1,1
huawei.com,1,1
新华三,1,1
h3c.com,1,1
h3c.com.cn,1,1
天融信,1,1
topsec.com.cn,1,1
topsec.com,1,1
360,1,1
360.cn,1,1
360.com,1,1
腾讯,1,1
tencent.com,1,1
百度安全,1,1
baidu.com,1,1
京东云,1,1
jdcloud.com,1,1
卫士通,1,1
westone.com.cn,1,1
美亚柏科,1,1
300188.cn,1,1
飞天诚信,1,1
ftsafe.com,1,1
ftsafe.com.cn,1,1
太极安全,1,1
taiji.com.cn,1,1
中国通服,1,1
chinaccs.cn,1,1
chainaccthai.com,1,1
chinaccs.com.cn,1,1
chainaccs.com,1,1
安恒信息,1,1
dbappsecurity.com.cn,1,1
dbappsecurity.com,1,1
山石网科,1,1
hillstonenet.com.cn,1,1
网御星云,1,1
leadsec.com.cn,1,1
蓝盾股份,1,1
bluedon.com,1,1
中国电信（云堤）,1,1
damddos.com,1,1
迪普科技,1,1
dptech.com,1,1
dptechnology.net,1,1
北信源,1,1
vrv.com.cn,1,1
任子行,1,1
1218.com.cn,1,1
中孚信息,1,1
zhongfu.net,1,1
立思辰安全,1,1
lanxum.com,1,1
中油瑞飞,1,1
richfit.com,1,1
richfit-en.com,1,1
中兴科技,1,1
zte.com.cn,1,1
信安世纪,1,1
infosec.com.cn,1,1
secdriver.com,1,1
锐安科技,1,1
"bjrun,com",1,1
东软,1,1
neusoft.com,1,1
数字认证,1,1
bjca.org.cn,1,1
安天,1,1
antiy.cn,1,1
antiy.com,1,1
知道创宇,1,1
yunaq.com,1,1
knownsec.com,1,1
恒安嘉新,1,1
eversec.com.cn,1,1
梆梆安全,1,1
bangcle.com,1,1
网易易盾,1,1
dun.163.com,1,1
爱加密,1,1
ijiami.cn,1,1
安博通,1,1
abtnetworks.com,1,1
明朝万达,1,1
wondersoft.cn,1,1
永信至诚,1,1
integritytech.com.cn,1,1
锐捷网络,1,1
ruijie.com.cn,1,1
通付盾,1,1
tongfudun.com,1,1
科来,1,1
colasoft.com.cn,1,1
观安信息,1,1
idss-cn.com,1,1
联软科技,1,1
leagsoft.com,1,1
可信华泰,1,1
httc.com.cn,1,1
中新网安,1,1
cnzxsoft.com,1,1
交大捷普,1,1
jump.net.cn,1,1
盛世光明,1,1
ssgm.net,1,1
格尔软件,1,1
koal.com,1,1
优炫软件,1,1
uxsino.com,1,1
圣博润,1,1
sbr-info.com,1,1
吉大正元,1,1
jit.com.cn,1,1
天行网安,1,1
topwalk.com,1,1
三零卫士,1,1
30wish.net,1,1
金盾软件,1,1
neiwang.cn,1,1
鼎普科技,1,1
tipfocus.com,1,1
安信天行,1,1
axtx.com.cn,1,1
上讯信息,1,1
suninfo.com,1,1
百卓网络,1,1
byzoro.com,1,1
众人科技,1,1
people2000.mobi,1,1
国舜股份,1,1
unisguard.com,1,1
启迪国信,1,1
nationsky.com,1,1
长城网际,1,1
cecgw.com.cn,1,1
亿赛通,1,1
esafenet.com,1,1
齐治科技,1,1
shterm.com,1,1
美创科技,1,1
http://mchz.com.cn/,1,1
瀚思科技,1,1
hansight.com,1,1
慧盾安全,1,1
smartsecuri.com,1,1
芯盾时代,1,1
trusfort.com,1,1
青藤云安全,1,1
qingteng.cn,1,1
指掌易,1,1
zhizhangyi.com,1,1
赛博兴安,1,1
cyberxingan.com,1,1
安华金和,1,1
dbsec.cn,1,1
威努特,1,1
winicssec.com,1,1
竹云,1,1
bamboocloud.com,1,1
安全狗,1,1
safedog.cn,1,1
博智软件,1,1
elextec.com,1,1
瑞数信息,1,1
riversecurity.com.cn,1,1
安胜,1,1
anscen.cn,1,1
盛邦安全,1,1
webray.com.cn,1,1
志翔科技,1,1
zshield.net,1,1
长亭科技,1,1
chaitin.cn,1,1
天空卫视,1,1
skyguard.com.cn,1,1
兰云科技,1,1
lanysec.com,1,1
盈高科技,1,1
infogo.com.cn,1,1
中睿天下,1,1
zorelworld.com,1,1
天际友盟,1,1
tj-un.com,1,1
江民科技,1,1
jiangmin.com,1,1
烽台科技,1,1
fengtaisec.com,1,1
安数云,1,1
datacloudsec.com,1,1
帕拉迪,1,1
pldsec.com,1,1
中安威士,1,1
csbit.cn,1,1
天地和兴,1,1
tdhxkj.com,1,1
海泰方圆,1,1
haitaichina.com,1,1
华途科技,1,1
huatugz.com,1,1
江南天安,1,1
tass.com.cn,1,1
